route_id,distance_km,vehicle_type,weather,load_type,actual_eta_hours
R-0001,940.1,truck_large,light_snow,medium,23.84
R-0002,1495.3,truck_small,clear,medium,23.65
R-0003,1143.0,truck_large,rain,light,23.17
R-0004,1459.9,truck_large,rain,medium,28.32
R-0005,1078.0,truck_large,clear,medium,18.8
R-0006,1264.7,truck_small,clear,heavy,21.9
R-0007,1213.5,van,clear,heavy,19.5
R-0008,977.9,truck_large,light_snow,medium,23.73
R-0009,1481.9,van,light_snow,light,32.75
R-0010,859.9,truck_large,rain,light,17.08
R-0011,1157.9,van,clear,light,15.91
R-0012,1360.6,truck_small,light_snow,light,31.0
R-0013,182.4,truck_large,clear,light,2.92
R-0014,539.4,van,clear,heavy,8.36
R-0015,1362.8,truck_large,rain,medium,26.73
R-0016,118.0,truck_large,foggy,light,2.66
R-0017,1395.4,truck_small,rain,heavy,26.49
R-0018,206.3,truck_large,clear,medium,3.42
R-0019,58.0,van,clear,light,0.83
R-0020,260.0,truck_small,rain,light,4.9
R-0021,1139.6,truck_large,foggy,light,24.97
R-0022,119.0,van,rain,medium,2.14
R-0023,952.5,van,light_snow,medium,21.83
R-0024,1489.6,truck_large,clear,medium,24.58
R-0025,727.0,truck_small,foggy,heavy,16.45
R-0026,840.5,van,clear,medium,12.56
R-0027,1169.5,truck_small,clear,medium,18.64
R-0028,758.4,truck_small,clear,heavy,12.41
R-0029,333.3,truck_large,rain,light,6.56
R-0030,1399.6,truck_large,rain,heavy,31.16
R-0031,799.4,truck_small,clear,heavy,13.7
R-0032,318.8,truck_small,foggy,medium,6.53
R-0033,739.5,truck_small,clear,heavy,11.98
R-0034,283.0,truck_small,rain,light,4.97
R-0035,1185.9,truck_large,light_snow,medium,30.25
R-0036,506.4,truck_small,clear,heavy,7.99
R-0037,708.4,truck_small,light_snow,heavy,17.56
R-0038,873.7,van,rain,heavy,17.11
R-0039,1357.2,van,rain,medium,22.8
R-0040,1282.5,truck_large,rain,heavy,28.36
R-0041,1337.9,truck_small,clear,heavy,21.92
R-0042,1433.2,truck_large,rain,medium,28.28
R-0043,1449.2,truck_large,light_snow,light,35.86
R-0044,1375.0,truck_small,rain,heavy,27.85
R-0045,101.9,truck_large,rain,light,2.1
R-0046,1059.4,truck_small,foggy,heavy,22.49
R-0047,1120.3,van,rain,light,19.72
R-0048,855.2,van,foggy,medium,16.7
R-0049,28.6,van,light_snow,medium,0.64
R-0050,365.7,truck_large,rain,light,7.41
R-0051,787.0,truck_large,light_snow,medium,20.65
R-0052,1375.3,van,light_snow,medium,29.23
R-0053,1361.7,truck_small,foggy,medium,29.12
R-0054,1445.2,truck_small,rain,medium,27.76
R-0055,213.0,truck_large,clear,light,3.66
R-0056,433.2,truck_large,clear,light,7.22
R-0057,492.0,truck_small,foggy,medium,10.09
R-0058,414.7,truck_large,clear,heavy,7.68
R-0059,1181.0,van,rain,heavy,22.83
R-0060,347.5,truck_small,clear,light,5.35
R-0061,223.2,truck_small,clear,medium,3.33
R-0062,261.0,van,clear,light,3.59
R-0063,442.4,van,light_snow,medium,9.77
R-0064,1499.7,truck_large,foggy,medium,34.87
R-0065,786.0,truck_small,light_snow,medium,17.33
R-0066,1224.4,van,foggy,medium,23.24
R-0067,743.1,truck_large,foggy,medium,16.78
R-0068,532.2,van,light_snow,light,10.86
R-0069,652.0,truck_small,light_snow,heavy,16.77
R-0070,1265.8,truck_large,rain,medium,25.04
R-0071,746.0,truck_small,foggy,light,15.5
R-0072,967.3,truck_small,foggy,light,19.57
R-0073,643.5,van,clear,light,9.54
R-0074,1152.8,truck_large,light_snow,heavy,31.82
R-0075,959.6,truck_small,light_snow,light,22.45
R-0076,28.3,truck_large,foggy,heavy,0.68
R-0077,1125.3,van,rain,heavy,20.19
R-0078,476.5,van,clear,light,6.77
R-0079,198.4,truck_large,clear,heavy,3.63
R-0080,1315.9,truck_large,rain,medium,26.19
R-0081,530.2,truck_large,clear,heavy,9.95
R-0082,1161.6,truck_small,clear,heavy,19.01
R-0083,117.1,truck_large,clear,heavy,2.04
R-0084,269.7,truck_large,light_snow,heavy,7.44
R-0085,379.0,truck_small,foggy,light,7.66
R-0086,98.5,van,clear,heavy,1.52
R-0087,599.3,van,rain,medium,10.45
R-0088,1462.8,truck_small,clear,medium,23.25
R-0089,615.3,van,light_snow,light,13.52
R-0090,1314.8,truck_small,light_snow,medium,30.47
R-0091,322.2,truck_small,clear,light,5.07
R-0092,512.2,truck_large,rain,heavy,11.39
R-0093,995.4,truck_small,clear,heavy,16.86
R-0094,23.4,van,foggy,light,0.47
R-0095,1460.4,van,clear,medium,21.77
R-0096,537.0,van,clear,light,7.83
R-0097,187.0,truck_large,clear,heavy,3.38
R-0098,1154.3,van,foggy,medium,22.2
R-0099,370.6,van,clear,light,5.15
R-0100,924.9,truck_small,light_snow,heavy,23.17
R-0101,612.2,truck_large,foggy,light,13.35
R-0102,425.7,truck_large,rain,heavy,9.19
R-0103,600.8,truck_large,clear,light,9.85
R-0104,227.6,truck_small,rain,light,4.21
R-0105,1301.3,truck_small,foggy,medium,28.2
R-0106,1488.4,truck_large,rain,heavy,32.04
R-0107,705.6,van,foggy,light,13.61
R-0108,282.0,truck_large,foggy,light,6.4
R-0109,377.3,truck_small,foggy,heavy,8.18
R-0110,1454.4,truck_large,clear,heavy,26.88
R-0111,311.0,van,rain,medium,5.74
R-0112,371.0,van,rain,heavy,7.03
R-0113,1010.7,truck_small,light_snow,light,21.78
R-0114,1008.0,truck_small,rain,heavy,19.63
R-0115,433.8,truck_small,clear,heavy,7.12
R-0116,185.4,truck_small,foggy,heavy,4.28
R-0117,641.5,van,rain,medium,11.3
R-0118,1287.8,truck_small,foggy,heavy,28.15
R-0119,85.0,truck_large,clear,light,1.4
R-0120,393.2,truck_small,rain,heavy,7.49
R-0121,263.8,van,light_snow,medium,5.93
R-0122,1079.6,truck_small,clear,heavy,16.99
R-0123,290.0,van,foggy,heavy,6.46
R-0124,1397.9,truck_large,clear,heavy,25.79
R-0125,1189.0,van,foggy,light,23.44
R-0126,903.5,van,rain,medium,15.6
R-0127,796.8,truck_small,clear,light,12.07
R-0128,1203.2,van,rain,light,20.1
R-0129,1280.4,truck_small,light_snow,medium,30.41
R-0130,1482.2,van,rain,light,24.9
R-0131,983.0,van,foggy,heavy,21.51
R-0132,133.6,van,foggy,light,2.63
R-0133,901.6,truck_large,foggy,medium,19.58
R-0134,216.0,truck_small,clear,medium,3.19
R-0135,910.8,truck_large,rain,light,17.48
R-0136,365.4,van,foggy,light,6.83
R-0137,1009.1,van,light_snow,light,21.23
R-0138,1237.9,truck_large,rain,medium,24.23
R-0139,131.0,truck_large,clear,heavy,2.27
R-0140,104.9,truck_large,foggy,light,2.3
R-0141,327.2,van,clear,medium,4.89
R-0142,1019.2,truck_small,rain,heavy,19.85
R-0143,1477.7,van,clear,heavy,24.21
R-0144,275.9,truck_small,foggy,light,5.77
R-0145,1130.9,truck_large,light_snow,medium,28.7
R-0146,422.0,van,foggy,light,8.25
R-0147,614.5,van,clear,heavy,10.13
R-0148,1142.6,van,foggy,medium,23.26
R-0149,592.2,truck_large,light_snow,heavy,16.37
R-0150,1365.9,van,light_snow,medium,30.86
R-0151,913.1,truck_large,clear,medium,15.75
R-0152,635.7,truck_large,rain,heavy,13.65
R-0153,1188.9,truck_small,foggy,light,23.42
R-0154,598.7,truck_large,clear,heavy,10.64
R-0155,1134.9,truck_small,light_snow,heavy,28.81
R-0156,572.5,van,rain,light,9.64
R-0157,1313.0,truck_large,clear,medium,22.25
R-0158,1272.5,truck_small,light_snow,medium,28.36
R-0159,296.6,truck_small,rain,medium,5.29
R-0160,1078.9,van,light_snow,light,23.54
R-0161,1372.4,truck_small,light_snow,heavy,32.85
R-0162,1246.2,truck_large,foggy,heavy,31.84
R-0163,272.3,van,foggy,light,5.23
R-0164,1131.4,truck_small,clear,light,16.82
R-0165,463.8,van,rain,medium,8.18
R-0166,189.1,truck_small,clear,light,2.71
R-0167,986.9,truck_small,light_snow,medium,21.97
R-0168,1184.8,van,rain,heavy,23.39
R-0169,309.5,van,light_snow,heavy,7.34
R-0170,909.2,truck_small,foggy,heavy,20.09
R-0171,1491.9,van,clear,light,21.96
R-0172,1385.3,van,clear,light,19.1
R-0173,714.4,van,foggy,light,13.44
R-0174,98.6,truck_large,light_snow,heavy,2.71
R-0175,257.2,truck_small,foggy,light,5.23
R-0176,341.2,van,foggy,heavy,7.51
R-0177,370.2,truck_small,foggy,light,7.65
R-0178,867.7,van,light_snow,heavy,20.84
R-0179,916.2,van,light_snow,light,20.43
R-0180,1243.7,van,light_snow,light,26.6
R-0181,482.5,truck_small,clear,medium,7.25
R-0182,328.7,van,clear,medium,4.71
R-0183,800.8,truck_small,light_snow,medium,19.07
R-0184,61.3,truck_small,light_snow,medium,1.37
R-0185,1262.5,truck_large,light_snow,heavy,35.68
R-0186,1220.2,van,foggy,heavy,25.18
R-0187,1358.2,truck_small,light_snow,heavy,34.19
R-0188,1357.4,van,foggy,heavy,29.64
R-0189,982.2,van,light_snow,light,21.59
R-0190,1041.1,truck_large,rain,medium,20.95
R-0191,831.7,van,clear,medium,12.51
R-0192,1292.2,van,rain,medium,23.3
R-0193,1169.4,van,light_snow,heavy,26.46
R-0194,1478.4,truck_large,light_snow,heavy,41.8
R-0195,350.5,van,light_snow,light,7.34
R-0196,935.2,truck_small,light_snow,light,21.48
R-0197,942.7,truck_small,rain,light,17.6
R-0198,121.2,truck_small,rain,light,2.22
R-0199,1461.8,truck_small,foggy,light,28.23
R-0200,579.1,truck_large,rain,heavy,11.94
R-0201,884.9,truck_small,foggy,light,17.95
R-0202,512.8,truck_large,clear,medium,8.26
R-0203,278.4,van,foggy,light,5.42
R-0204,766.5,van,light_snow,heavy,18.41
R-0205,269.0,truck_large,foggy,heavy,6.82
R-0206,648.9,van,light_snow,light,14.51
R-0207,1373.1,truck_small,clear,medium,20.78
R-0208,765.3,truck_large,foggy,medium,17.4
R-0209,857.3,van,rain,light,15.2
R-0210,972.1,truck_small,light_snow,medium,23.41
R-0211,136.7,truck_large,clear,heavy,2.59
R-0212,1268.9,truck_small,rain,heavy,23.99
R-0213,1375.7,truck_small,light_snow,light,31.37
R-0214,96.8,truck_small,light_snow,light,2.22
R-0215,856.9,van,foggy,heavy,18.56
R-0216,643.2,truck_large,clear,medium,10.68
R-0217,363.3,van,foggy,light,6.76
R-0218,305.9,van,foggy,medium,6.23
R-0219,1318.4,van,clear,light,18.21
R-0220,223.4,van,clear,heavy,3.5
R-0221,1107.2,truck_large,foggy,light,25.7
R-0222,520.1,van,light_snow,heavy,12.54
R-0223,239.3,truck_small,light_snow,medium,5.35
R-0224,501.2,truck_small,foggy,light,10.06
R-0225,1497.1,truck_large,foggy,medium,35.77
R-0226,1213.5,truck_large,rain,heavy,25.49
R-0227,735.0,truck_small,light_snow,heavy,17.74
R-0228,269.2,truck_large,clear,heavy,4.87
R-0229,679.8,truck_small,rain,light,12.09
R-0230,1498.6,truck_large,rain,light,28.31
R-0231,977.0,truck_large,foggy,medium,21.34
R-0232,595.0,truck_large,rain,light,11.5
R-0233,1470.8,van,clear,heavy,24.03
R-0234,158.1,truck_large,light_snow,medium,3.85
R-0235,820.3,truck_large,clear,medium,14.26
R-0236,819.8,van,rain,light,13.75
R-0237,650.1,van,rain,heavy,11.73
R-0238,560.7,truck_large,foggy,heavy,13.52
R-0239,81.6,truck_small,foggy,light,1.64
R-0240,1334.4,truck_small,foggy,medium,26.56
R-0241,179.2,van,rain,heavy,3.4
R-0242,211.2,truck_large,clear,heavy,3.83
R-0243,1272.8,van,rain,heavy,23.52
R-0244,181.8,van,rain,medium,3.09
R-0245,1057.0,truck_large,foggy,heavy,24.78
R-0246,1063.0,truck_large,foggy,light,23.56
R-0247,1192.3,truck_small,clear,heavy,19.53
R-0248,853.6,truck_large,clear,light,14.35
R-0249,220.2,van,foggy,medium,4.36
R-0250,384.6,truck_small,foggy,heavy,8.6
R-0251,1204.5,van,clear,heavy,18.09
R-0252,1278.4,truck_small,rain,heavy,24.26
R-0253,1218.5,van,clear,heavy,18.87
R-0254,1161.4,truck_small,clear,light,17.7
R-0255,217.2,van,light_snow,light,4.73
R-0256,1104.9,truck_large,clear,heavy,19.88
R-0257,1183.8,van,rain,light,19.54
R-0258,148.6,truck_large,rain,heavy,3.07
R-0259,437.9,van,foggy,light,8.55
R-0260,382.6,truck_small,rain,medium,6.83
R-0261,94.2,van,foggy,medium,1.87
R-0262,1427.8,van,rain,medium,26.41
R-0263,891.2,truck_small,foggy,medium,19.13
R-0264,1334.7,truck_small,clear,medium,21.35
R-0265,727.0,van,light_snow,light,15.06
R-0266,1156.0,truck_large,foggy,heavy,27.46
R-0267,587.5,truck_large,clear,light,9.78
R-0268,399.8,truck_small,rain,medium,7.55
R-0269,542.8,van,clear,medium,7.99
R-0270,1064.2,truck_small,rain,heavy,20.67
R-0271,266.6,truck_small,light_snow,medium,6.27
R-0272,1328.3,van,light_snow,heavy,32.8
R-0273,928.3,truck_small,rain,medium,17.19
R-0274,562.6,truck_small,foggy,medium,12.09
R-0275,737.4,truck_large,foggy,medium,17.12
R-0276,1088.0,truck_small,foggy,light,21.01
R-0277,1445.3,truck_large,clear,light,24.77
R-0278,642.4,truck_large,light_snow,light,15.22
R-0279,969.4,truck_small,light_snow,medium,23.06
R-0280,826.5,van,clear,heavy,13.31
R-0281,151.0,truck_large,rain,heavy,3.18
R-0282,518.2,truck_large,light_snow,heavy,14.72
R-0283,1462.9,truck_large,rain,light,29.57
R-0284,235.7,van,rain,heavy,4.31
R-0285,176.0,truck_small,light_snow,heavy,4.15
R-0286,799.1,van,light_snow,heavy,18.12
R-0287,1152.6,truck_large,rain,heavy,25.95
R-0288,182.4,truck_small,foggy,medium,3.93
R-0289,712.9,van,foggy,medium,13.51
R-0290,1196.8,van,clear,medium,17.37
R-0291,1161.4,truck_small,clear,light,17.55
R-0292,355.4,truck_large,foggy,light,8.1
R-0293,1389.2,van,light_snow,medium,31.52
R-0294,1107.6,van,rain,heavy,21.79
R-0295,1294.6,truck_large,clear,heavy,22.71
R-0296,44.1,truck_small,foggy,heavy,0.95
R-0297,904.3,van,clear,heavy,14.66
R-0298,1021.5,van,rain,medium,18.04
R-0299,97.5,truck_small,light_snow,light,2.12
R-0300,878.4,truck_small,light_snow,medium,19.98
R-0301,1433.6,van,light_snow,heavy,33.44
R-0302,1258.2,truck_small,rain,light,21.98
R-0303,918.5,truck_small,light_snow,light,19.72
R-0304,989.5,truck_large,rain,heavy,22.5
R-0305,1337.2,truck_large,rain,light,26.79
R-0306,42.1,truck_small,clear,heavy,0.71
R-0307,127.1,truck_small,clear,light,1.96
R-0308,47.6,truck_large,foggy,light,1.03
R-0309,327.9,van,foggy,heavy,7.23
R-0310,244.8,truck_large,foggy,heavy,6.23
R-0311,831.6,truck_small,foggy,heavy,18.49
R-0312,539.3,truck_small,rain,heavy,10.94
R-0313,1264.2,truck_large,clear,light,21.05
R-0314,433.3,truck_small,clear,heavy,6.83
R-0315,1166.9,van,light_snow,light,24.79
R-0316,1170.8,truck_large,rain,heavy,24.3
R-0317,145.2,truck_small,clear,medium,2.32
R-0318,241.9,truck_small,light_snow,heavy,6.19
R-0319,224.2,truck_large,clear,medium,3.76
R-0320,507.3,van,light_snow,medium,10.98
R-0321,1163.3,truck_large,rain,light,21.97
R-0322,1266.9,truck_large,clear,medium,20.9
R-0323,937.2,truck_large,clear,medium,15.28
R-0324,124.1,truck_small,foggy,medium,2.56
R-0325,750.5,truck_large,foggy,heavy,18.13
R-0326,1042.6,truck_large,light_snow,heavy,28.43
R-0327,1250.0,van,light_snow,medium,26.28
R-0328,505.9,truck_large,foggy,heavy,12.85
R-0329,877.8,van,clear,medium,13.12
R-0330,1068.8,truck_small,foggy,light,22.24
R-0331,1245.1,truck_large,foggy,light,27.28
R-0332,59.8,truck_small,clear,heavy,1.01
R-0333,152.8,van,rain,heavy,2.9
R-0334,1270.1,van,rain,light,22.43
R-0335,604.6,truck_small,foggy,light,12.77
R-0336,119.7,truck_small,clear,light,1.75
R-0337,1465.7,truck_small,light_snow,light,34.33
R-0338,1363.1,truck_small,clear,heavy,23.26
R-0339,679.2,truck_small,clear,heavy,11.1
R-0340,558.1,truck_large,foggy,medium,12.53
R-0341,491.9,truck_large,rain,light,10.08
R-0342,1270.6,truck_large,foggy,medium,30.1
R-0343,1112.7,van,light_snow,medium,23.64
R-0344,173.1,truck_small,light_snow,light,3.82
R-0345,229.4,truck_small,rain,heavy,4.35
R-0346,497.5,van,rain,medium,9.06
R-0347,1257.7,van,foggy,medium,25.53
R-0348,1439.8,truck_large,foggy,heavy,34.56
R-0349,611.7,van,clear,medium,9.05
R-0350,426.1,truck_large,light_snow,medium,10.9
R-0351,728.4,truck_large,light_snow,medium,18.2
R-0352,1266.3,van,light_snow,light,27.11
R-0353,786.3,truck_small,rain,medium,14.92
R-0354,880.2,truck_small,clear,light,13.49
R-0355,33.8,truck_small,light_snow,medium,0.75
R-0356,937.2,truck_large,light_snow,heavy,25.01
R-0357,407.9,truck_large,foggy,light,9.09
R-0358,1454.4,truck_large,light_snow,heavy,38.02
R-0359,1356.5,truck_large,rain,light,25.52
R-0360,825.4,truck_large,light_snow,heavy,22.99
R-0361,365.9,truck_small,clear,light,5.61
R-0362,183.0,truck_large,foggy,light,3.94
R-0363,694.9,truck_small,light_snow,light,15.18
R-0364,498.7,truck_large,clear,heavy,9.03
R-0365,1315.8,truck_small,foggy,medium,28.47
R-0366,1372.8,truck_large,clear,heavy,24.7
R-0367,607.1,truck_small,light_snow,medium,14.65
R-0368,553.7,van,foggy,light,10.29
R-0369,1038.3,truck_small,clear,light,15.38
R-0370,865.5,van,foggy,medium,16.59
R-0371,205.5,truck_large,rain,medium,3.99
R-0372,1054.3,truck_small,rain,light,19.11
R-0373,832.1,truck_large,foggy,heavy,19.64
R-0374,474.1,van,clear,medium,7.32
R-0375,241.2,truck_small,rain,light,4.5
R-0376,307.0,truck_large,foggy,heavy,7.77
R-0377,50.4,truck_small,light_snow,medium,1.19
R-0378,505.4,truck_small,rain,medium,9.31
R-0379,226.6,truck_large,clear,heavy,3.9
R-0380,367.3,truck_small,clear,heavy,6.02
R-0381,1087.9,truck_small,foggy,medium,23.03
R-0382,1484.6,truck_small,clear,light,22.12
R-0383,307.2,van,clear,light,4.51
R-0384,150.5,truck_large,light_snow,medium,3.82
R-0385,505.9,truck_large,clear,light,7.9
R-0386,732.2,truck_large,foggy,medium,17.04
R-0387,754.7,van,light_snow,medium,16.69
R-0388,1416.8,truck_large,light_snow,medium,37.62
R-0389,47.8,truck_small,clear,heavy,0.78
R-0390,1005.2,truck_small,light_snow,heavy,23.84
R-0391,607.3,truck_large,rain,heavy,13.44
R-0392,615.5,van,rain,light,10.21
R-0393,595.2,truck_large,light_snow,light,14.04
R-0394,660.4,truck_large,rain,light,13.3
R-0395,192.9,van,clear,medium,2.78
R-0396,831.9,truck_large,light_snow,heavy,21.9
R-0397,1419.7,truck_small,foggy,light,28.43
R-0398,155.3,truck_small,rain,light,2.76
R-0399,103.5,van,rain,light,1.84
R-0400,398.4,truck_large,light_snow,heavy,11.01
R-0401,736.4,van,rain,heavy,13.72
R-0402,513.6,truck_large,rain,heavy,10.63
R-0403,69.6,truck_large,light_snow,light,1.78
R-0404,358.3,truck_small,foggy,medium,7.42
R-0405,1488.5,truck_large,light_snow,heavy,40.93
R-0406,580.1,truck_small,clear,light,8.73
R-0407,1147.6,truck_small,clear,heavy,18.51
R-0408,788.2,truck_small,rain,medium,14.5
R-0409,876.8,truck_large,clear,heavy,15.06
R-0410,276.5,truck_small,foggy,heavy,6.0
R-0411,394.3,truck_large,foggy,heavy,9.53
R-0412,1012.0,truck_small,foggy,heavy,23.2
R-0413,1267.4,truck_large,rain,heavy,26.31
R-0414,453.1,truck_large,light_snow,light,11.5
R-0415,759.6,van,light_snow,light,16.0
R-0416,1380.6,van,clear,medium,20.66
R-0417,52.1,van,clear,medium,0.76
R-0418,1236.2,truck_large,light_snow,medium,31.59
R-0419,1129.8,truck_small,foggy,medium,24.25
R-0420,1499.3,truck_large,clear,heavy,27.06
R-0421,1256.8,truck_small,rain,heavy,23.78
R-0422,1395.9,truck_small,foggy,medium,28.14
R-0423,326.9,truck_small,foggy,light,6.74
R-0424,1002.5,truck_small,foggy,medium,21.11
R-0425,174.0,van,light_snow,light,3.57
R-0426,779.5,truck_large,foggy,light,17.66
R-0427,636.2,truck_large,rain,light,12.05
R-0428,673.2,truck_small,rain,light,11.72
R-0429,669.3,van,light_snow,heavy,15.97
R-0430,1425.3,truck_large,foggy,medium,34.05
R-0431,471.5,van,light_snow,heavy,10.59
R-0432,301.0,truck_large,rain,light,5.69
R-0433,675.1,van,rain,medium,12.5
R-0434,1322.5,truck_small,foggy,medium,27.45
R-0435,1164.3,van,foggy,heavy,24.68
R-0436,124.1,truck_small,rain,heavy,2.47
R-0437,1073.8,truck_small,clear,light,15.67
R-0438,1481.0,truck_small,light_snow,heavy,37.47
R-0439,656.4,van,foggy,medium,13.27
R-0440,766.1,truck_large,rain,medium,15.51
R-0441,941.0,truck_small,clear,heavy,15.93
R-0442,606.9,truck_small,clear,light,8.88
R-0443,1334.4,truck_small,foggy,light,28.0
R-0444,259.5,van,light_snow,heavy,6.3
R-0445,291.8,van,clear,medium,4.24
R-0446,1032.2,truck_small,rain,light,18.11
R-0447,1240.0,truck_large,rain,heavy,27.14
R-0448,908.8,van,rain,heavy,17.78
R-0449,846.8,van,rain,medium,14.29
R-0450,1177.1,truck_small,light_snow,medium,27.11
R-0451,206.5,van,clear,heavy,3.12
R-0452,1227.1,van,foggy,heavy,26.67
R-0453,181.9,truck_large,rain,heavy,4.01
R-0454,593.2,truck_large,light_snow,medium,14.5
R-0455,414.4,van,clear,heavy,6.81
R-0456,1210.4,truck_small,rain,medium,22.48
R-0457,1146.9,van,clear,heavy,18.2
R-0458,693.5,van,rain,heavy,12.49
R-0459,762.3,truck_small,clear,medium,11.38
R-0460,850.8,van,clear,medium,12.9
R-0461,419.0,truck_large,rain,heavy,8.8
R-0462,913.5,truck_large,clear,light,14.67
R-0463,575.2,truck_small,rain,medium,10.22
R-0464,966.1,van,rain,light,16.29
R-0465,1221.7,truck_large,clear,light,20.78
R-0466,979.0,van,light_snow,light,21.94
R-0467,1310.2,truck_small,light_snow,medium,29.72
R-0468,611.1,van,foggy,heavy,12.94
R-0469,352.8,van,foggy,light,6.65
R-0470,722.3,van,clear,light,10.71
R-0471,1251.3,truck_small,clear,medium,19.81
R-0472,259.3,truck_large,clear,light,4.19
R-0473,379.6,truck_large,rain,heavy,8.34
R-0474,1087.4,truck_small,light_snow,light,25.02
R-0475,856.2,van,clear,medium,12.51
R-0476,420.2,truck_large,clear,medium,6.99
R-0477,859.7,van,clear,heavy,13.92
R-0478,914.5,truck_small,light_snow,medium,20.82
R-0479,788.3,van,light_snow,medium,17.07
R-0480,817.5,truck_small,foggy,heavy,18.4
R-0481,461.0,truck_small,rain,heavy,9.27
R-0482,381.0,truck_small,light_snow,light,8.94
R-0483,434.3,van,clear,light,5.91
R-0484,1320.3,van,light_snow,medium,27.71
R-0485,526.3,van,foggy,heavy,11.48
R-0486,260.4,truck_large,foggy,medium,5.71
R-0487,1245.0,truck_small,foggy,heavy,28.48
R-0488,629.9,truck_small,foggy,light,12.75
R-0489,1346.3,van,light_snow,heavy,31.16
R-0490,101.7,truck_small,clear,light,1.54
R-0491,1378.6,truck_large,foggy,light,31.05
R-0492,259.4,truck_small,rain,heavy,5.29
R-0493,794.8,truck_small,rain,medium,15.17
R-0494,760.4,van,rain,heavy,13.87
R-0495,941.8,truck_large,light_snow,medium,23.46
R-0496,91.6,truck_small,light_snow,medium,2.08
R-0497,1175.7,truck_large,rain,light,23.46
R-0498,1470.8,truck_small,clear,medium,23.05
R-0499,1214.8,truck_large,rain,light,23.03
R-0500,987.9,truck_small,light_snow,heavy,23.78
R-0501,1091.1,van,rain,light,18.4
R-0502,1243.2,van,rain,light,21.84
R-0503,320.3,van,rain,light,5.59
R-0504,1217.6,truck_large,rain,light,25.07
R-0505,51.8,truck_small,rain,medium,0.99
R-0506,374.6,van,foggy,medium,7.42
R-0507,742.0,truck_small,clear,heavy,12.38
R-0508,94.6,van,foggy,light,1.83
R-0509,1300.3,truck_large,light_snow,heavy,35.79
R-0510,528.0,van,clear,medium,7.78
R-0511,643.5,van,clear,heavy,10.29
R-0512,393.0,van,light_snow,light,8.27
R-0513,995.9,truck_small,foggy,light,19.41
R-0514,73.7,truck_large,light_snow,light,1.79
R-0515,1054.9,van,foggy,light,19.77
R-0516,941.2,van,rain,medium,16.28
R-0517,882.2,van,rain,heavy,16.55
R-0518,670.6,truck_large,rain,medium,13.63
R-0519,208.8,truck_large,foggy,light,4.68
R-0520,1264.3,truck_small,clear,medium,20.43
R-0521,102.3,truck_small,foggy,heavy,2.23
R-0522,926.4,truck_small,foggy,light,19.24
R-0523,822.2,truck_large,clear,light,14.01
R-0524,1234.2,van,rain,medium,22.22
R-0525,1409.6,van,rain,medium,25.69
R-0526,1478.6,truck_large,rain,medium,30.83
R-0527,1152.1,truck_small,light_snow,medium,25.48
R-0528,1450.0,truck_small,rain,light,25.93
R-0529,866.6,van,light_snow,light,18.41
R-0530,1236.3,truck_large,light_snow,medium,32.15
R-0531,1144.2,truck_large,light_snow,medium,29.56
R-0532,506.0,van,rain,light,8.26
R-0533,683.0,van,rain,medium,12.09
R-0534,649.1,van,rain,light,10.81
R-0535,678.9,truck_large,clear,light,10.87
R-0536,1394.6,truck_small,light_snow,light,32.16
R-0537,331.4,truck_small,clear,heavy,5.63
R-0538,1192.6,van,clear,heavy,19.59
R-0539,233.6,truck_large,light_snow,light,5.78
R-0540,629.9,truck_small,light_snow,light,14.26
R-0541,326.5,truck_large,rain,heavy,6.82
R-0542,1404.3,van,foggy,heavy,29.71
R-0543,152.1,truck_small,foggy,light,2.95
R-0544,843.9,truck_large,rain,light,15.94
R-0545,638.8,van,clear,medium,9.52
R-0546,634.3,truck_large,light_snow,light,16.18
R-0547,154.8,truck_small,foggy,medium,3.37
R-0548,537.0,van,clear,light,7.39
R-0549,925.0,van,light_snow,light,20.68
R-0550,388.0,truck_large,foggy,medium,8.5
R-0551,1399.3,van,foggy,light,27.69
R-0552,1002.8,truck_small,clear,heavy,15.99
R-0553,1186.8,van,foggy,medium,23.38
R-0554,821.7,truck_large,rain,light,15.57
R-0555,1396.1,truck_large,foggy,medium,33.03
R-0556,254.9,truck_small,rain,light,4.72
R-0557,887.6,van,light_snow,heavy,20.14
R-0558,1460.1,truck_small,clear,medium,22.07
R-0559,185.2,van,clear,heavy,2.91
R-0560,1451.5,van,clear,heavy,22.11
R-0561,89.0,truck_small,clear,light,1.33
R-0562,1009.0,truck_large,clear,heavy,17.93
R-0563,749.6,truck_large,light_snow,heavy,21.04
R-0564,132.9,van,foggy,medium,2.54
R-0565,61.1,van,foggy,medium,1.23
R-0566,1004.3,van,light_snow,medium,22.54
R-0567,1082.4,van,light_snow,heavy,26.72
R-0568,253.9,truck_large,light_snow,heavy,6.7
R-0569,1318.4,van,light_snow,heavy,31.16
R-0570,640.4,van,foggy,light,12.38
R-0571,1257.1,truck_small,light_snow,heavy,30.25
R-0572,736.0,truck_large,rain,light,14.11
R-0573,108.3,truck_large,foggy,medium,2.45
R-0574,1119.3,truck_large,light_snow,heavy,29.9
R-0575,163.5,van,rain,medium,2.9
R-0576,958.4,truck_large,rain,medium,19.64
R-0577,1171.7,truck_small,clear,heavy,19.77
R-0578,566.2,truck_small,rain,heavy,11.22
R-0579,1005.3,van,light_snow,medium,22.39
R-0580,1292.7,truck_small,rain,medium,22.84
R-0581,1232.7,truck_small,rain,heavy,23.72
R-0582,367.2,truck_large,light_snow,medium,9.16
R-0583,679.8,van,light_snow,medium,15.64
R-0584,74.8,van,rain,light,1.26
R-0585,793.0,truck_small,clear,light,11.34
R-0586,1410.7,truck_small,light_snow,heavy,35.5
R-0587,188.7,truck_large,rain,light,3.78
R-0588,202.1,truck_large,foggy,medium,4.73
R-0589,855.7,truck_small,foggy,medium,17.93
R-0590,669.1,truck_small,light_snow,medium,16.03
R-0591,1063.9,van,foggy,heavy,21.88
R-0592,764.2,van,light_snow,heavy,17.35
R-0593,882.4,truck_small,light_snow,medium,20.8
R-0594,922.1,truck_small,foggy,light,18.07
R-0595,965.9,truck_large,rain,heavy,21.92
R-0596,1481.1,van,foggy,light,27.67
R-0597,1335.0,truck_large,rain,light,25.09
R-0598,1454.2,truck_small,foggy,heavy,31.74
R-0599,74.3,van,clear,medium,1.11
R-0600,532.2,truck_small,rain,light,9.44
R-0601,800.2,truck_small,foggy,light,17.01
R-0602,485.3,truck_small,rain,medium,8.57
R-0603,53.5,van,foggy,heavy,1.17
R-0604,660.9,van,light_snow,medium,14.98
R-0605,1253.2,van,light_snow,medium,27.33
R-0606,1161.0,truck_small,rain,heavy,23.13
R-0607,1308.4,van,rain,light,23.0
R-0608,850.9,truck_small,clear,medium,13.58
R-0609,364.6,van,light_snow,medium,7.79
R-0610,1317.2,truck_small,foggy,heavy,30.14
R-0611,831.9,van,foggy,light,15.25
R-0612,1376.7,truck_small,rain,light,24.67
R-0613,1272.1,van,light_snow,light,26.01
R-0614,251.5,truck_small,clear,light,3.65
R-0615,705.4,truck_small,light_snow,medium,15.98
R-0616,889.3,truck_small,rain,heavy,17.77
R-0617,628.3,truck_small,rain,medium,12.0
R-0618,1121.7,van,foggy,heavy,23.56
R-0619,1243.4,truck_small,light_snow,medium,27.42
R-0620,349.1,truck_large,clear,medium,5.72
R-0621,424.6,truck_large,light_snow,medium,11.06
R-0622,171.5,van,foggy,heavy,3.76
R-0623,936.7,truck_large,rain,light,19.08
R-0624,800.0,van,clear,heavy,13.16
R-0625,885.4,van,foggy,heavy,18.3
R-0626,1192.6,van,clear,heavy,17.97
R-0627,1199.8,truck_large,light_snow,light,29.47
R-0628,1498.3,truck_small,foggy,light,29.9
R-0629,493.0,truck_large,light_snow,heavy,12.92
R-0630,67.3,truck_small,rain,light,1.23
R-0631,434.6,truck_large,clear,heavy,7.83
R-0632,751.6,truck_large,foggy,light,16.43
R-0633,1459.9,van,foggy,medium,29.03
R-0634,92.5,truck_small,light_snow,heavy,2.21
R-0635,712.8,truck_large,rain,light,13.44
R-0636,143.1,truck_small,light_snow,heavy,3.37
R-0637,474.4,van,foggy,light,9.17
R-0638,940.8,truck_small,foggy,heavy,20.53
R-0639,1139.2,truck_large,light_snow,light,28.88
R-0640,1102.5,truck_large,light_snow,medium,27.57
R-0641,628.4,truck_small,rain,light,10.95
R-0642,102.5,truck_large,light_snow,medium,2.63
R-0643,952.2,truck_large,light_snow,medium,23.65
R-0644,386.7,van,light_snow,medium,8.86
R-0645,1389.7,van,light_snow,medium,29.5
R-0646,1074.0,truck_small,foggy,light,21.23
R-0647,1215.0,van,rain,heavy,23.13
R-0648,1486.6,truck_large,clear,light,25.56
R-0649,1267.3,van,foggy,heavy,28.17
R-0650,1021.1,truck_small,clear,heavy,17.63
R-0651,892.7,truck_small,clear,medium,14.1
R-0652,532.2,van,light_snow,light,11.44
R-0653,656.2,truck_large,clear,light,10.45
R-0654,773.2,truck_large,foggy,light,16.86
R-0655,213.6,van,foggy,heavy,4.68
R-0656,738.2,truck_large,foggy,light,17.01
R-0657,1077.4,truck_large,rain,light,20.96
R-0658,581.9,truck_small,rain,light,10.82
R-0659,33.9,truck_large,foggy,light,0.77
R-0660,641.6,truck_small,foggy,medium,13.78
R-0661,1350.5,truck_small,foggy,heavy,31.12
R-0662,913.5,van,rain,heavy,17.27
R-0663,229.4,truck_small,rain,light,4.26
R-0664,1307.3,truck_large,rain,light,24.87
R-0665,108.8,truck_small,clear,light,1.56
R-0666,585.5,truck_small,foggy,light,11.83
R-0667,396.0,truck_large,light_snow,light,9.39
R-0668,37.3,van,foggy,medium,0.72
R-0669,76.7,truck_small,rain,heavy,1.54
R-0670,310.2,truck_large,clear,light,5.25
R-0671,952.3,truck_large,clear,light,15.48
R-0672,1311.1,truck_small,light_snow,medium,29.13
R-0673,634.6,van,foggy,medium,11.98
R-0674,999.2,van,light_snow,light,21.42
R-0675,1051.9,truck_small,rain,heavy,21.36
R-0676,724.1,van,foggy,medium,14.37
R-0677,326.5,van,light_snow,medium,7.54
R-0678,493.7,van,foggy,medium,9.61
R-0679,364.4,truck_small,foggy,light,7.69
R-0680,809.1,truck_small,rain,heavy,16.72
R-0681,1366.3,van,rain,medium,24.89
R-0682,400.2,truck_small,clear,light,6.08
R-0683,747.7,van,light_snow,light,15.27
R-0684,881.7,van,clear,light,12.89
R-0685,104.2,truck_small,foggy,light,2.03
R-0686,629.9,truck_large,foggy,medium,13.82
R-0687,92.2,truck_small,foggy,light,1.94
R-0688,1484.6,van,clear,heavy,23.48
R-0689,1277.6,van,rain,light,22.47
R-0690,1087.6,truck_large,foggy,light,23.5
R-0691,236.7,van,foggy,light,4.66
R-0692,195.0,truck_small,rain,light,3.53
R-0693,251.4,truck_small,clear,heavy,4.35
R-0694,117.3,truck_large,clear,light,2.02
R-0695,1253.3,truck_large,rain,heavy,26.38
R-0696,637.8,truck_small,foggy,light,12.42
R-0697,1074.9,truck_small,foggy,light,22.2
R-0698,975.4,truck_large,clear,medium,16.14
R-0699,1073.9,truck_large,clear,light,16.94
R-0700,785.2,van,foggy,medium,15.19
R-0701,1151.8,truck_small,light_snow,medium,26.68
R-0702,407.5,truck_large,light_snow,medium,10.22
R-0703,1004.9,van,light_snow,light,21.38
R-0704,1323.8,truck_small,rain,medium,24.47
R-0705,1143.4,truck_small,light_snow,medium,26.27
R-0706,646.4,truck_large,foggy,light,15.02
R-0707,1448.0,truck_large,foggy,heavy,35.25
R-0708,781.9,truck_small,clear,heavy,13.1
R-0709,990.7,van,rain,heavy,18.97
R-0710,1085.6,truck_large,rain,medium,22.07
R-0711,428.9,truck_small,rain,medium,7.77
R-0712,823.8,truck_small,clear,medium,12.25
R-0713,1134.3,truck_small,light_snow,medium,26.53
R-0714,975.6,van,rain,medium,17.36
R-0715,114.2,truck_small,rain,light,2.03
R-0716,891.4,van,rain,light,15.05
R-0717,1059.0,truck_small,foggy,heavy,23.83
R-0718,1085.2,van,rain,medium,19.01
R-0719,576.5,truck_large,rain,medium,12.07
R-0720,403.4,van,foggy,light,7.95
R-0721,562.2,truck_small,foggy,light,11.22
R-0722,164.4,van,foggy,heavy,3.45
R-0723,784.5,truck_small,clear,medium,12.63
R-0724,700.4,truck_small,clear,light,10.06
R-0725,1258.3,van,rain,light,22.49
R-0726,55.7,van,foggy,heavy,1.23
R-0727,1108.9,van,rain,light,18.37
R-0728,120.8,truck_small,rain,light,2.27
R-0729,832.7,van,clear,heavy,13.7
R-0730,457.7,van,rain,heavy,8.94
R-0731,934.7,truck_large,foggy,heavy,22.74
R-0732,429.9,truck_small,rain,medium,8.11
R-0733,1139.1,truck_large,rain,medium,22.98
R-0734,851.2,van,clear,light,12.47
R-0735,671.3,truck_large,foggy,medium,15.15
R-0736,299.1,truck_large,rain,heavy,6.25
R-0737,923.2,truck_small,foggy,heavy,20.78
R-0738,1350.9,van,light_snow,medium,28.84
R-0739,1214.5,van,light_snow,medium,26.73
R-0740,1352.5,van,light_snow,heavy,32.83
R-0741,148.6,truck_large,clear,light,2.36
R-0742,186.9,truck_small,clear,medium,2.94
R-0743,40.1,truck_large,light_snow,heavy,1.03
R-0744,1356.5,van,foggy,light,26.83
R-0745,592.5,van,light_snow,light,12.07
R-0746,1131.1,truck_small,clear,light,17.06
R-0747,1063.1,truck_large,clear,medium,18.21
R-0748,332.1,truck_small,clear,heavy,5.22
R-0749,673.7,truck_small,clear,medium,9.98
R-0750,304.0,van,rain,light,5.18
R-0751,114.9,truck_large,foggy,heavy,2.84
R-0752,186.9,truck_small,light_snow,medium,4.51
R-0753,1058.9,truck_small,foggy,heavy,24.08
R-0754,277.4,truck_large,rain,light,5.24
R-0755,1483.8,truck_small,foggy,heavy,32.48
R-0756,438.1,truck_large,light_snow,medium,11.63
R-0757,1028.3,van,clear,medium,14.92
R-0758,1114.9,truck_large,clear,heavy,19.57
R-0759,379.2,truck_large,light_snow,heavy,9.77
R-0760,1257.4,truck_small,foggy,heavy,28.01
R-0761,1356.7,van,light_snow,light,28.04
R-0762,1239.8,truck_large,rain,heavy,26.98
R-0763,165.6,truck_large,light_snow,medium,4.14
R-0764,527.5,van,rain,medium,9.01
R-0765,56.6,truck_small,clear,heavy,0.98
R-0766,916.2,van,rain,heavy,17.87
R-0767,582.7,truck_large,foggy,heavy,14.74
R-0768,1275.9,truck_large,light_snow,medium,31.18
R-0769,1483.9,truck_small,light_snow,light,32.19
R-0770,802.8,truck_large,light_snow,medium,19.51
R-0771,313.2,van,foggy,heavy,6.57
R-0772,600.6,truck_small,rain,heavy,11.63
R-0773,72.4,truck_small,foggy,heavy,1.56
R-0774,871.5,van,rain,medium,14.94
R-0775,459.8,van,rain,light,8.1
R-0776,1416.3,truck_small,foggy,medium,30.49
R-0777,458.9,truck_large,clear,heavy,8.23
R-0778,1108.7,van,foggy,heavy,23.19
R-0779,295.8,truck_small,light_snow,heavy,7.01
R-0780,431.3,truck_small,light_snow,medium,9.74
R-0781,223.9,truck_large,light_snow,heavy,6.19
R-0782,248.1,truck_large,rain,heavy,5.55
R-0783,327.3,van,light_snow,medium,7.38
R-0784,679.7,truck_large,foggy,heavy,16.03
R-0785,1102.6,van,rain,heavy,21.07
R-0786,711.1,truck_small,rain,medium,12.79
R-0787,522.5,truck_small,rain,medium,9.35
R-0788,222.7,truck_small,clear,medium,3.54
R-0789,266.0,truck_small,foggy,medium,5.43
R-0790,620.5,truck_large,foggy,medium,14.65
R-0791,240.7,truck_large,clear,medium,3.89
R-0792,658.0,truck_large,clear,light,11.3
R-0793,925.7,van,light_snow,light,20.83
R-0794,422.9,truck_small,light_snow,medium,9.88
R-0795,1441.6,truck_small,light_snow,medium,32.32
R-0796,872.2,van,clear,light,12.77
R-0797,746.2,truck_large,rain,medium,14.93
R-0798,403.6,van,rain,medium,7.42
R-0799,687.8,truck_large,clear,medium,11.2
R-0800,1243.7,van,clear,medium,18.47
R-0801,1171.8,truck_small,light_snow,light,25.85
R-0802,912.5,truck_large,foggy,heavy,21.54
R-0803,799.6,truck_large,foggy,heavy,20.15
R-0804,286.3,van,clear,medium,4.22
R-0805,124.4,van,light_snow,heavy,3.01
R-0806,1426.9,van,foggy,heavy,29.76
R-0807,386.7,van,foggy,medium,7.73
R-0808,209.6,truck_large,light_snow,light,5.03
R-0809,1290.1,truck_large,light_snow,medium,32.19
R-0810,651.4,truck_large,light_snow,medium,17.09
R-0811,1396.2,truck_large,foggy,light,32.29
R-0812,632.6,truck_small,light_snow,heavy,16.13
R-0813,1497.7,van,rain,light,24.44
R-0814,695.9,truck_large,clear,heavy,12.8
R-0815,721.5,truck_large,clear,heavy,12.63
R-0816,52.5,truck_large,light_snow,medium,1.27
R-0817,316.1,van,rain,medium,5.7
R-0818,783.0,van,light_snow,heavy,18.12
R-0819,330.6,truck_large,rain,light,6.7
R-0820,1429.5,van,foggy,heavy,30.55
R-0821,75.0,truck_large,clear,heavy,1.3
R-0822,1281.0,truck_small,clear,medium,18.96
R-0823,903.8,van,clear,light,13.22
R-0824,1328.3,van,foggy,medium,26.43
R-0825,217.7,truck_small,clear,medium,3.3
R-0826,748.8,truck_large,clear,heavy,13.43
R-0827,73.7,van,clear,medium,1.14
R-0828,1283.7,truck_small,rain,heavy,25.49
R-0829,698.6,truck_small,light_snow,medium,16.96
R-0830,881.1,truck_large,foggy,medium,20.2
R-0831,288.3,truck_large,rain,medium,5.61
R-0832,550.4,truck_small,clear,medium,8.64
R-0833,1389.4,truck_small,light_snow,light,31.36
R-0834,1036.8,truck_small,rain,medium,18.92
R-0835,741.5,truck_large,clear,medium,12.46
R-0836,210.1,truck_large,rain,light,4.18
R-0837,1026.1,truck_large,foggy,heavy,24.58
R-0838,1157.2,truck_large,rain,light,22.17
R-0839,839.9,truck_large,clear,light,14.04
R-0840,1419.2,van,rain,heavy,26.19
R-0841,429.7,van,rain,medium,7.64
R-0842,369.2,truck_large,foggy,heavy,9.42
R-0843,675.5,truck_large,foggy,light,14.29
R-0844,494.0,van,light_snow,heavy,11.64
R-0845,590.2,truck_large,light_snow,heavy,15.54
R-0846,616.8,truck_large,rain,light,12.55
R-0847,763.3,van,rain,medium,14.13
R-0848,464.7,truck_large,light_snow,medium,11.51
R-0849,309.5,truck_large,rain,light,5.98
R-0850,976.4,truck_small,light_snow,heavy,24.42
R-0851,653.3,truck_large,foggy,medium,14.22
R-0852,1425.9,van,light_snow,heavy,34.26
R-0853,598.9,truck_large,clear,medium,10.08
R-0854,1074.3,truck_small,clear,medium,17.34
R-0855,797.1,truck_large,clear,medium,13.32
R-0856,1082.4,truck_large,light_snow,medium,28.55
R-0857,38.6,truck_large,foggy,medium,0.88
R-0858,1331.8,truck_large,rain,medium,25.81
R-0859,1189.7,van,foggy,light,22.45
R-0860,1480.2,van,light_snow,medium,33.2
R-0861,849.5,truck_large,foggy,light,18.4
R-0862,843.1,van,clear,light,12.36
R-0863,1059.4,van,foggy,medium,21.89
R-0864,307.4,truck_large,rain,heavy,6.89
R-0865,82.2,van,foggy,medium,1.65
R-0866,230.2,van,foggy,heavy,4.93
R-0867,820.4,truck_large,rain,medium,16.41
R-0868,789.1,truck_large,rain,medium,15.39
R-0869,641.3,truck_large,clear,light,10.97
R-0870,1394.1,truck_large,foggy,heavy,33.91
R-0871,1406.6,truck_small,rain,light,24.42
R-0872,826.7,van,foggy,light,15.94
R-0873,720.0,van,clear,light,10.35
R-0874,360.7,van,clear,heavy,5.64
R-0875,1245.6,truck_large,clear,light,20.58
R-0876,272.9,truck_small,light_snow,heavy,6.87
R-0877,606.3,van,light_snow,medium,13.35
R-0878,217.0,truck_small,rain,light,3.95
R-0879,416.3,van,light_snow,light,8.74
R-0880,1289.8,truck_large,foggy,light,28.06
R-0881,417.1,truck_small,light_snow,heavy,10.62
R-0882,482.3,van,clear,medium,7.2
R-0883,510.8,truck_large,light_snow,light,13.21
R-0884,994.0,truck_small,rain,light,18.12
R-0885,635.2,truck_small,light_snow,heavy,15.17
R-0886,840.4,van,rain,medium,14.15
R-0887,713.7,van,rain,light,12.64
R-0888,200.9,truck_large,foggy,medium,4.48
R-0889,519.2,truck_large,rain,medium,10.42
R-0890,1382.6,truck_large,rain,light,26.14
R-0891,1493.7,van,foggy,light,28.12
R-0892,1344.1,truck_large,clear,medium,21.73
R-0893,253.2,van,light_snow,heavy,5.95
R-0894,963.8,van,light_snow,light,21.14
R-0895,79.6,van,foggy,light,1.58
R-0896,198.3,van,clear,light,2.79
R-0897,1442.3,truck_large,rain,medium,30.04
R-0898,445.1,van,foggy,light,8.78
R-0899,997.0,truck_large,clear,light,16.2
R-0900,368.9,truck_large,light_snow,medium,9.55
R-0901,1056.4,truck_small,rain,light,19.18
R-0902,109.4,truck_small,foggy,heavy,2.46
R-0903,59.9,truck_large,foggy,heavy,1.51
R-0904,842.0,truck_small,rain,medium,15.34
R-0905,592.8,van,foggy,medium,11.71
R-0906,1476.2,truck_small,light_snow,heavy,38.24
R-0907,291.7,van,light_snow,medium,6.43
R-0908,725.2,van,clear,light,10.24
R-0909,110.0,truck_large,foggy,heavy,2.62
R-0910,302.8,truck_large,clear,heavy,5.66
R-0911,1224.6,van,rain,light,21.69
R-0912,761.1,truck_large,light_snow,light,18.17
R-0913,652.9,van,foggy,light,12.59
R-0914,487.4,van,rain,light,8.17
R-0915,616.2,truck_small,foggy,medium,13.22
R-0916,1351.9,van,rain,light,22.46
R-0917,998.5,truck_large,light_snow,heavy,26.12
R-0918,1284.9,van,foggy,light,23.91
R-0919,256.5,truck_small,clear,heavy,4.34
R-0920,349.1,truck_large,light_snow,medium,8.94
R-0921,1022.7,truck_small,rain,medium,18.84
R-0922,1300.7,truck_large,clear,light,20.65
R-0923,1460.0,van,light_snow,light,31.88
R-0924,901.1,truck_large,rain,medium,19.2
R-0925,850.6,truck_large,clear,medium,13.72
R-0926,381.7,truck_large,light_snow,medium,10.02
R-0927,513.1,truck_small,clear,light,7.44
R-0928,1495.3,truck_small,rain,light,27.34
R-0929,469.7,truck_small,clear,light,6.92
R-0930,1429.5,van,clear,heavy,21.39
R-0931,930.6,van,clear,medium,13.4
R-0932,324.9,truck_small,clear,heavy,5.3
R-0933,1332.3,van,rain,medium,23.79
R-0934,1211.7,truck_large,clear,light,20.04
R-0935,467.5,truck_small,rain,light,8.13
R-0936,646.0,truck_small,foggy,light,12.72
R-0937,1156.3,truck_small,rain,light,20.65
R-0938,865.2,van,light_snow,heavy,20.19
R-0939,1380.2,van,light_snow,light,29.81
R-0940,240.0,van,foggy,light,4.4
R-0941,1471.9,truck_large,foggy,medium,33.74
R-0942,612.5,van,clear,heavy,9.38
R-0943,972.9,van,rain,heavy,18.26
R-0944,759.2,van,foggy,heavy,16.01
R-0945,87.1,van,light_snow,heavy,2.11
R-0946,282.9,truck_large,clear,medium,4.74
R-0947,709.1,truck_large,light_snow,heavy,20.15
R-0948,759.0,truck_large,light_snow,heavy,20.94
R-0949,187.5,truck_large,foggy,medium,4.12
R-0950,585.3,truck_large,clear,heavy,10.83
R-0951,150.6,truck_large,light_snow,heavy,4.17
R-0952,763.6,van,rain,heavy,13.79
R-0953,876.6,van,rain,heavy,16.01
R-0954,677.8,van,rain,light,12.19
R-0955,898.2,van,clear,medium,13.22
R-0956,541.2,truck_large,foggy,light,12.08
R-0957,1343.7,truck_large,light_snow,light,32.81
R-0958,1009.9,truck_small,light_snow,light,22.35
R-0959,245.9,truck_large,foggy,heavy,6.1
R-0960,1181.3,truck_large,light_snow,light,30.38
R-0961,535.6,truck_large,clear,light,9.01
R-0962,623.2,truck_small,clear,light,9.19
R-0963,1350.1,truck_large,clear,heavy,24.44
R-0964,515.8,truck_large,clear,light,8.1
R-0965,493.7,truck_large,clear,medium,8.52
R-0966,1071.8,truck_large,light_snow,medium,28.17
R-0967,945.2,van,foggy,light,19.01
R-0968,756.1,truck_large,foggy,light,16.38
R-0969,1187.3,van,rain,light,20.7
R-0970,901.0,truck_small,rain,light,15.68
R-0971,469.9,truck_large,foggy,heavy,11.28
R-0972,1368.8,van,rain,heavy,26.35
R-0973,77.8,van,rain,medium,1.37
R-0974,1260.3,truck_large,rain,heavy,28.08
R-0975,622.6,truck_small,rain,light,11.06
R-0976,1318.3,van,clear,medium,19.84
R-0977,1214.7,van,rain,light,21.32
R-0978,1371.6,van,light_snow,medium,29.47
R-0979,846.1,van,clear,heavy,13.66
R-0980,1212.1,truck_large,clear,medium,20.95
R-0981,1006.5,van,rain,medium,18.13
R-0982,1498.8,van,light_snow,heavy,34.31
R-0983,794.9,van,foggy,heavy,16.78
R-0984,1113.6,truck_small,light_snow,medium,24.61
R-0985,278.2,truck_large,clear,heavy,5.01
R-0986,142.8,van,foggy,light,2.82
R-0987,321.9,truck_small,foggy,medium,6.98
R-0988,914.4,van,foggy,medium,17.63
R-0989,1145.4,truck_small,rain,heavy,22.36
R-0990,1024.8,van,rain,medium,18.82
R-0991,676.1,truck_large,light_snow,heavy,18.16
R-0992,1069.8,van,light_snow,light,22.64
R-0993,1209.9,van,rain,light,21.31
R-0994,946.5,truck_small,light_snow,heavy,23.0
R-0995,1451.4,truck_small,rain,light,26.99
R-0996,123.4,truck_small,clear,medium,1.96
R-0997,519.0,truck_large,foggy,light,11.11
R-0998,497.5,truck_small,clear,heavy,7.9
R-0999,617.1,truck_large,rain,heavy,12.74
R-1000,543.6,van,clear,light,7.66
